{
    "Epoch1": {
        "train_loss": 0.5367815978669938,
        "val_loss": 0.3932818918885782,
        "val_accuracy": 0.8585833333333334
    },
    "Epoch2": {
        "train_loss": 0.4025603504576135,
        "val_loss": 0.3598816369796976,
        "val_accuracy": 0.86575
    },
    "Epoch3": {
        "train_loss": 0.3607223250607104,
        "val_loss": 0.3317128712543345,
        "val_accuracy": 0.8774166666666666
    },
    "Epoch4": {
        "train_loss": 0.3341691897626865,
        "val_loss": 0.3369722253325404,
        "val_accuracy": 0.87825
    },
    "Epoch5": {
        "train_loss": 0.3163963501807914,
        "val_loss": 0.314737246701345,
        "val_accuracy": 0.8863333333333333
    },
    "Epoch6": {
        "train_loss": 0.3024008393454583,
        "val_loss": 0.307524348594475,
        "val_accuracy": 0.8855833333333333
    },
    "Epoch7": {
        "train_loss": 0.28946487140871774,
        "val_loss": 0.2978236014485245,
        "val_accuracy": 0.8931666666666667
    },
    "Epoch8": {
        "train_loss": 0.27195320154220776,
        "val_loss": 0.29925053401667956,
        "val_accuracy": 0.8924166666666666
    },
    "Epoch9": {
        "train_loss": 0.2670131542936316,
        "val_loss": 0.3051301341147527,
        "val_accuracy": 0.891
    },
    "Epoch10": {
        "train_loss": 0.25196602683281893,
        "val_loss": 0.30772523369170124,
        "val_accuracy": 0.8921666666666667
    },
    "Epoch11": {
        "train_loss": 0.24260943391057435,
        "val_loss": 0.2995737200756658,
        "val_accuracy": 0.8950833333333333
    },
    "Epoch12": {
        "train_loss": 0.23766323972025805,
        "val_loss": 0.2908189001252433,
        "val_accuracy": 0.8983333333333333
    },
    "Epoch13": {
        "train_loss": 0.22450940834605182,
        "val_loss": 0.3013783788474946,
        "val_accuracy": 0.8950833333333333
    },
    "Epoch14": {
        "train_loss": 0.22046197475411047,
        "val_loss": 0.2950950979875593,
        "val_accuracy": 0.8978333333333334
    },
    "Epoch15": {
        "train_loss": 0.20872262203639208,
        "val_loss": 0.29989766389885963,
        "val_accuracy": 0.9003333333333333
    },
    "Epoch16": {
        "train_loss": 0.20409408139401072,
        "val_loss": 0.30610401193427417,
        "val_accuracy": 0.897
    },
    "Epoch17": {
        "train_loss": 0.1985555121320154,
        "val_loss": 0.3003275346091889,
        "val_accuracy": 0.90075
    },
    "Epoch18": {
        "train_loss": 0.19231211582018287,
        "val_loss": 0.3071510358928272,
        "val_accuracy": 0.8970833333333333
    },
    "Epoch19": {
        "train_loss": 0.187560221727959,
        "val_loss": 0.3139886907424492,
        "val_accuracy": 0.8955
    },
    "Epoch20": {
        "train_loss": 0.17939808386124204,
        "val_loss": 0.3055898954603962,
        "val_accuracy": 0.89975
    }
}